MM:DD:YYYY hh:mm:ss,Library_Version,Session_type,Device_Number,Battery_Voltage,Motor_Turns,FR,Event,Active_Poke,Left_Poke_Count,Right_Poke_Count,Pellet_Count,Block_Pellet_Count,Retrieval_Time,InterPelletInterval,Poke_Time
8/7/2025 13:00:43,1.17.0,FR1,40,4.04,nan,1,Left,Left,1,0,0,0,nan,nan,0.34
8/7/2025 13:02:04,1.17.0,FR1,40,4.05,nan,1,RightWithPellet,Left,1,1,0,0,nan,nan,0.04
8/7/2025 13:03:04,1.17.0,FR1,40,4.04,2,1,Pellet,Left,1,1,1,0,Timed_out,nan,nan
8/7/2025 13:05:20,1.17.0,FR1,40,4.04,nan,1,Right,Left,1,2,1,0,nan,nan,0.14
8/7/2025 13:05:31,1.17.0,FR1,40,4.04,nan,1,Left,Left,2,2,1,0,nan,nan,0.62
8/7/2025 13:05:33,1.17.0,FR1,40,4.04,1,1,Pellet,Left,2,2,2,0,1.29,149,nan
8/7/2025 13:05:50,1.17.0,FR1,40,4.04,nan,1,Right,Left,2,3,2,0,nan,nan,0.09
8/7/2025 13:05:53,1.17.0,FR1,40,4.04,nan,1,Right,Left,2,4,2,0,nan,nan,0.16
8/7/2025 13:09:11,1.17.0,FR1,40,4.04,nan,1,Right,Left,2,5,2,0,nan,nan,0.16
8/7/2025 13:09:12,1.17.0,FR1,40,4.04,nan,1,Right,Left,2,6,2,0,nan,nan,0.16
8/7/2025 13:10:49,1.17.0,FR1,40,4.04,nan,1,Left,Left,3,6,2,0,nan,nan,0.12
8/7/2025 13:11:05,1.17.0,FR1,40,4.04,1,1,Pellet,Left,3,6,3,0,14.60,332,nan
8/7/2025 13:12:24,1.17.0,FR1,40,4.04,nan,1,Left,Left,4,6,3,0,nan,nan,0.21
8/7/2025 13:21:08,1.17.0,FR1,40,4.03,1,1,Pellet,Left,4,6,4,0,Timed_out,603,nan
8/7/2025 13:21:28,1.17.0,FR1,40,4.04,nan,1,Right,Left,4,7,4,0,nan,nan,0.12
8/7/2025 13:21:31,1.17.0,FR1,40,4.04,nan,1,Right,Left,4,8,4,0,nan,nan,0.11
8/7/2025 13:21:33,1.17.0,FR1,40,4.04,nan,1,Right,Left,4,9,4,0,nan,nan,0.16
8/7/2025 14:04:39,1.17.0,FR1,40,4.04,nan,1,Left,Left,5,9,4,0,nan,nan,0.41
8/7/2025 14:04:41,1.17.0,FR1,40,4.04,1,1,Pellet,Left,5,9,5,0,0.97,2613,nan
8/7/2025 14:04:54,1.17.0,FR1,40,4.04,nan,1,Left,Left,6,9,5,0,nan,nan,0.11
8/7/2025 14:04:56,1.17.0,FR1,40,4.03,1,1,Pellet,Left,6,9,6,0,1.04,15,nan
8/7/2025 14:05:13,1.17.0,FR1,40,4.03,nan,1,Left,Left,7,9,6,0,nan,nan,0.04
8/7/2025 14:05:14,1.17.0,FR1,40,4.04,1,1,Pellet,Left,7,9,7,0,0.66,18,nan
8/7/2025 14:05:35,1.17.0,FR1,40,4.04,nan,1,Left,Left,8,9,7,0,nan,nan,0.24
8/7/2025 14:05:37,1.17.0,FR1,40,4.04,1,1,Pellet,Left,8,9,8,0,0.66,23,nan
8/7/2025 14:06:00,1.17.0,FR1,40,4.03,nan,1,Left,Left,9,9,8,0,nan,nan,0.01
8/7/2025 14:06:01,1.17.0,FR1,40,4.04,1,1,Pellet,Left,9,9,9,0,0.66,24,nan
8/7/2025 14:06:21,1.17.0,FR1,40,4.04,nan,1,Left,Left,10,9,9,0,nan,nan,0.03
8/7/2025 14:06:22,1.17.0,FR1,40,4.04,1,1,Pellet,Left,10,9,10,0,0.66,21,nan
8/7/2025 14:06:46,1.17.0,FR1,40,4.04,nan,1,Left,Left,11,9,10,0,nan,nan,0.23
8/7/2025 14:06:46,1.17.0,FR1,40,4.04,nan,1,LeftDuringDispense,Left,12,9,10,0,nan,nan,0.02
8/7/2025 14:06:51,1.17.0,FR1,40,4.04,2,1,Pellet,Left,12,9,11,0,1.92,29,nan
8/7/2025 14:31:14,1.17.0,FR1,40,4.04,nan,1,Left,Left,13,9,11,0,nan,nan,0.17
8/7/2025 14:31:15,1.17.0,FR1,40,4.04,1,1,Pellet,Left,13,9,12,0,0.85,1464,nan
8/7/2025 14:31:33,1.17.0,FR1,40,4.04,nan,1,Left,Left,14,9,12,0,nan,nan,0.05
8/7/2025 14:31:35,1.17.0,FR1,40,4.04,1,1,Pellet,Left,14,9,13,0,0.85,20,nan
8/7/2025 14:31:49,1.17.0,FR1,40,4.03,nan,1,Left,Left,15,9,13,0,nan,nan,0.23
8/7/2025 14:31:50,1.17.0,FR1,40,4.04,1,1,Pellet,Left,15,9,14,0,0.66,15,nan
8/7/2025 15:05:01,1.17.0,FR1,40,4.03,nan,1,Left,Left,16,9,14,0,nan,nan,0.32
8/7/2025 15:05:02,1.17.0,FR1,40,4.04,1,1,Pellet,Left,16,9,15,0,0.66,1992,nan
8/7/2025 15:15:37,1.17.0,FR1,40,4.03,nan,1,Left,Left,17,9,15,0,nan,nan,0.66
8/7/2025 15:15:38,1.17.0,FR1,40,4.04,1,1,Pellet,Left,17,9,16,0,0.66,636,nan
8/7/2025 15:16:03,1.17.0,FR1,40,4.04,nan,1,Left,Left,18,9,16,0,nan,nan,0.63
8/7/2025 15:16:04,1.17.0,FR1,40,4.04,nan,1,LeftDuringDispense,Left,19,9,16,0,nan,nan,0.02
8/7/2025 15:16:08,1.17.0,FR1,40,4.03,nan,1,LeftWithPellet,Left,20,9,16,0,nan,nan,0.15
8/7/2025 15:16:09,1.17.0,FR1,40,4.03,2,1,Pellet,Left,20,9,17,0,2.35,31,nan
8/7/2025 15:16:24,1.17.0,FR1,40,4.03,nan,1,Left,Left,21,9,17,0,nan,nan,0.01
8/7/2025 15:16:26,1.17.0,FR1,40,4.04,1,1,Pellet,Left,21,9,18,0,0.66,17,nan
8/7/2025 15:16:47,1.17.0,FR1,40,4.03,nan,1,Left,Left,22,9,18,0,nan,nan,0.05
8/7/2025 15:16:47,1.17.0,FR1,40,4.04,nan,1,LeftDuringDispense,Left,23,9,18,0,nan,nan,0.01
8/7/2025 15:16:50,1.17.0,FR1,40,4.03,nan,1,LeftDuringDispense,Left,24,9,18,0,nan,nan,0.09
8/7/2025 15:16:51,1.17.0,FR1,40,4.04,2,1,Pellet,Left,24,9,19,0,0.91,25,nan
8/7/2025 15:17:07,1.17.0,FR1,40,4.04,nan,1,Left,Left,25,9,19,0,nan,nan,0.03
8/7/2025 15:17:09,1.17.0,FR1,40,4.03,1,1,Pellet,Left,25,9,20,0,0.72,18,nan
8/7/2025 15:17:27,1.17.0,FR1,40,4.04,nan,1,Left,Left,26,9,20,0,nan,nan,0.03
8/7/2025 15:17:28,1.17.0,FR1,40,4.04,1,1,Pellet,Left,26,9,21,0,0.66,19,nan
8/7/2025 15:17:43,1.17.0,FR1,40,4.03,nan,1,Left,Left,27,9,21,0,nan,nan,0.06
8/7/2025 15:17:45,1.17.0,FR1,40,4.03,1,1,Pellet,Left,27,9,22,0,0.66,17,nan
8/7/2025 15:17:59,1.17.0,FR1,40,4.04,nan,1,Left,Left,28,9,22,0,nan,nan,0.06
8/7/2025 15:18:00,1.17.0,FR1,40,4.04,1,1,Pellet,Left,28,9,23,0,0.66,15,nan
8/7/2025 15:18:20,1.17.0,FR1,40,4.04,nan,1,Left,Left,29,9,23,0,nan,nan,0.07
8/7/2025 15:18:22,1.17.0,FR1,40,4.03,1,1,Pellet,Left,29,9,24,0,0.85,22,nan
8/7/2025 15:18:36,1.17.0,FR1,40,4.03,nan,1,Left,Left,30,9,24,0,nan,nan,0.01
8/7/2025 15:18:37,1.17.0,FR1,40,4.04,1,1,Pellet,Left,30,9,25,0,0.66,15,nan
8/7/2025 15:26:46,1.17.0,FR1,40,4.03,nan,1,Left,Left,31,9,25,0,nan,nan,0.17
8/7/2025 15:26:48,1.17.0,FR1,40,4.03,1,1,Pellet,Left,31,9,26,0,1.35,491,nan
8/7/2025 15:27:11,1.17.0,FR1,40,4.04,nan,1,Right,Left,31,10,26,0,nan,nan,0.17
8/7/2025 16:23:29,1.17.0,FR1,40,4.03,nan,1,Left,Left,32,10,26,0,nan,nan,0.23
8/7/2025 16:23:30,1.17.0,FR1,40,4.04,1,1,Pellet,Left,32,10,27,0,0.66,3402,nan
8/7/2025 16:23:55,1.17.0,FR1,40,4.04,nan,1,Left,Left,33,10,27,0,nan,nan,0.04
8/7/2025 16:23:56,1.17.0,FR1,40,4.04,1,1,Pellet,Left,33,10,28,0,0.66,26,nan
8/7/2025 16:24:08,1.17.0,FR1,40,4.03,nan,1,Left,Left,34,10,28,0,nan,nan,0.02
8/7/2025 16:24:09,1.17.0,FR1,40,4.03,1,1,Pellet,Left,34,10,29,0,0.66,13,nan
8/7/2025 16:24:23,1.17.0,FR1,40,4.04,nan,1,Left,Left,35,10,29,0,nan,nan,0.02
8/7/2025 16:24:24,1.17.0,FR1,40,4.03,nan,1,LeftDuringDispense,Left,36,10,29,0,nan,nan,0.06
8/7/2025 16:24:25,1.17.0,FR1,40,4.03,1,1,Pellet,Left,36,10,30,0,1.29,16,nan
8/7/2025 16:24:51,1.17.0,FR1,40,4.04,nan,1,Left,Left,37,10,30,0,nan,nan,0.15
8/7/2025 16:24:53,1.17.0,FR1,40,4.03,2,1,Pellet,Left,37,10,31,0,0.66,28,nan
8/7/2025 16:25:08,1.17.0,FR1,40,4.03,nan,1,Left,Left,38,10,31,0,nan,nan,0.03
8/7/2025 16:25:08,1.17.0,FR1,40,4.03,nan,1,LeftDuringDispense,Left,39,10,31,0,nan,nan,0.01
8/7/2025 16:25:13,1.17.0,FR1,40,4.03,3,1,Pellet,Left,39,10,32,0,1.48,20,nan
8/7/2025 16:25:35,1.17.0,FR1,40,4.03,nan,1,Left,Left,40,10,32,0,nan,nan,0.18
8/7/2025 16:25:36,1.17.0,FR1,40,4.04,2,1,Pellet,Left,40,10,33,0,0.66,23,nan
8/7/2025 16:25:53,1.17.0,FR1,40,4.03,nan,1,Left,Left,41,10,33,0,nan,nan,0.02
8/7/2025 16:25:55,1.17.0,FR1,40,4.04,1,1,Pellet,Left,41,10,34,0,0.66,19,nan
8/7/2025 16:26:13,1.17.0,FR1,40,4.03,nan,1,Right,Left,41,11,34,0,nan,nan,0.03
8/7/2025 16:26:15,1.17.0,FR1,40,4.03,nan,1,Right,Left,41,12,34,0,nan,nan,0.05
8/7/2025 16:49:15,1.17.0,FR1,40,4.03,nan,1,Left,Left,42,12,34,0,nan,nan,0.00
8/7/2025 16:49:17,1.17.0,FR1,40,4.03,1,1,Pellet,Left,42,12,35,0,0.66,1402,nan
8/7/2025 16:49:46,1.17.0,FR1,40,4.03,nan,1,Left,Left,43,12,35,0,nan,nan,0.01
8/7/2025 16:49:48,1.17.0,FR1,40,4.04,1,1,Pellet,Left,43,12,36,0,0.72,31,nan
8/7/2025 16:50:12,1.17.0,FR1,40,4.04,nan,1,Left,Left,44,12,36,0,nan,nan,0.00
8/7/2025 16:50:13,1.17.0,FR1,40,4.03,1,1,Pellet,Left,44,12,37,0,0.66,25,nan
8/7/2025 16:50:28,1.17.0,FR1,40,4.03,nan,1,Left,Left,45,12,37,0,nan,nan,0.04
8/7/2025 16:50:28,1.17.0,FR1,40,4.03,nan,1,LeftDuringDispense,Left,46,12,37,0,nan,nan,0.01
8/7/2025 16:50:32,1.17.0,FR1,40,4.03,2,1,Pellet,Left,46,12,38,0,0.91,19,nan
8/7/2025 16:50:47,1.17.0,FR1,40,4.03,nan,1,Left,Left,47,12,38,0,nan,nan,0.01
8/7/2025 16:50:48,1.17.0,FR1,40,4.03,2,1,Pellet,Left,47,12,39,0,0.66,16,nan
8/7/2025 16:51:06,1.17.0,FR1,40,4.03,nan,1,Left,Left,48,12,39,0,nan,nan,0.52
8/7/2025 16:51:07,1.17.0,FR1,40,4.04,nan,1,LeftDuringDispense,Left,49,12,39,0,nan,nan,0.17
8/7/2025 16:51:10,1.17.0,FR1,40,4.03,2,1,Pellet,Left,49,12,40,0,0.66,22,nan
8/7/2025 17:21:05,1.17.0,FR1,40,4.03,nan,1,Left,Left,50,12,40,0,nan,nan,0.03
8/7/2025 17:21:07,1.17.0,FR1,40,4.03,1,1,Pellet,Left,50,12,41,0,1.16,1797,nan
8/7/2025 17:21:23,1.17.0,FR1,40,4.03,nan,1,Left,Left,51,12,41,0,nan,nan,0.02
8/7/2025 17:21:24,1.17.0,FR1,40,4.03,1,1,Pellet,Left,51,12,42,0,0.66,17,nan
8/7/2025 17:21:40,1.17.0,FR1,40,4.03,nan,1,Left,Left,52,12,42,0,nan,nan,0.02
8/7/2025 17:21:42,1.17.0,FR1,40,4.04,1,1,Pellet,Left,52,12,43,0,0.66,18,nan
8/7/2025 17:22:00,1.17.0,FR1,40,4.03,nan,1,Left,Left,53,12,43,0,nan,nan,0.33
8/7/2025 17:22:01,1.17.0,FR1,40,4.05,1,1,Pellet,Left,53,12,44,0,0.66,19,nan
8/7/2025 17:22:17,1.17.0,FR1,40,4.03,nan,1,Left,Left,54,12,44,0,nan,nan,0.02
8/7/2025 17:22:18,1.17.0,FR1,40,4.03,nan,1,LeftDuringDispense,Left,55,12,44,0,nan,nan,0.03
8/7/2025 17:22:21,1.17.0,FR1,40,4.03,2,1,Pellet,Left,55,12,45,0,0.66,20,nan
8/7/2025 17:43:48,1.17.0,FR1,40,4.04,nan,1,Left,Left,56,12,45,0,nan,nan,0.90
8/7/2025 17:43:49,1.17.0,FR1,40,4.03,1,1,Pellet,Left,56,12,46,0,0.66,1288,nan
8/7/2025 17:44:01,1.17.0,FR1,40,4.03,nan,1,Left,Left,57,12,46,0,nan,nan,0.02
8/7/2025 17:44:03,1.17.0,FR1,40,4.03,1,1,Pellet,Left,57,12,47,0,0.66,14,nan
8/7/2025 17:44:21,1.17.0,FR1,40,4.03,nan,1,Left,Left,58,12,47,0,nan,nan,0.04
8/7/2025 17:44:22,1.17.0,FR1,40,4.03,1,1,Pellet,Left,58,12,48,0,0.66,19,nan
8/7/2025 17:44:36,1.17.0,FR1,40,4.03,nan,1,Left,Left,59,12,48,0,nan,nan,0.03
8/7/2025 17:44:37,1.17.0,FR1,40,4.04,nan,1,LeftDuringDispense,Left,60,12,48,0,nan,nan,0.03
8/7/2025 17:44:40,1.17.0,FR1,40,4.03,2,1,Pellet,Left,60,12,49,0,0.66,18,nan
8/7/2025 17:44:56,1.17.0,FR1,40,4.04,nan,1,Left,Left,61,12,49,0,nan,nan,0.01
8/7/2025 17:44:58,1.17.0,FR1,40,4.03,1,1,Pellet,Left,61,12,50,0,0.66,18,nan
8/7/2025 17:45:11,1.17.0,FR1,40,4.03,nan,1,Left,Left,62,12,50,0,nan,nan,0.03
8/7/2025 17:45:11,1.17.0,FR1,40,4.03,nan,1,LeftDuringDispense,Left,63,12,50,0,nan,nan,0.01
8/7/2025 17:45:17,1.17.0,FR1,40,4.04,3,1,Pellet,Left,63,12,51,0,0.66,19,nan
8/7/2025 18:01:03,1.17.0,FR1,40,4.03,nan,1,Left,Left,64,12,51,0,nan,nan,0.01
8/7/2025 18:01:04,1.17.0,FR1,40,4.03,1,1,Pellet,Left,64,12,52,0,0.66,947,nan
8/7/2025 18:01:25,1.17.0,FR1,40,4.03,nan,1,Left,Left,65,12,52,0,nan,nan,0.02
8/7/2025 18:01:26,1.17.0,FR1,40,4.03,1,1,Pellet,Left,65,12,53,0,0.66,22,nan
8/7/2025 18:01:45,1.17.0,FR1,40,4.03,nan,1,Left,Left,66,12,53,0,nan,nan,0.04
8/7/2025 18:01:47,1.17.0,FR1,40,4.03,1,1,Pellet,Left,66,12,54,0,0.66,21,nan
8/7/2025 18:02:03,1.17.0,FR1,40,4.03,nan,1,Left,Left,67,12,54,0,nan,nan,0.02
8/7/2025 18:33:33,1.17.0,FR1,40,4.03,nan,1,LeftWithPellet,Left,68,12,54,0,nan,nan,0.18
8/7/2025 18:34:19,1.17.0,FR1,40,4.03,nan,1,RightWithPellet,Left,68,13,54,0,nan,nan,0.09
8/7/2025 18:39:14,1.17.0,FR1,40,4.03,2,1,Pellet,Left,68,13,55,0,Timed_out,2247,nan
8/7/2025 18:46:33,1.17.0,FR1,40,4.03,nan,1,Left,Left,69,13,55,0,nan,nan,0.08
8/7/2025 18:57:49,1.17.0,FR1,40,4.03,1,1,Pellet,Left,69,13,56,0,Timed_out,1114,nan
8/7/2025 19:04:58,1.17.0,FR1,40,4.03,nan,1,Right,Left,69,14,56,0,nan,nan,0.08
8/7/2025 19:05:09,1.17.0,FR1,40,4.03,nan,1,Right,Left,69,15,56,0,nan,nan,0.06
8/7/2025 19:05:11,1.17.0,FR1,40,4.03,nan,1,Right,Left,69,16,56,0,nan,nan,0.11
8/7/2025 19:05:56,1.17.0,FR1,40,4.03,nan,1,Right,Left,69,17,56,0,nan,nan,0.07
8/7/2025 19:05:58,1.17.0,FR1,40,4.03,nan,1,Right,Left,69,18,56,0,nan,nan,0.11
8/7/2025 19:14:42,1.17.0,FR1,40,4.03,nan,1,Right,Left,69,19,56,0,nan,nan,0.04
8/7/2025 19:14:44,1.17.0,FR1,40,4.03,nan,1,Right,Left,69,20,56,0,nan,nan,0.08
8/7/2025 19:14:46,1.17.0,FR1,40,4.03,nan,1,Right,Left,69,21,56,0,nan,nan,0.13
8/7/2025 19:18:11,1.17.0,FR1,40,4.03,nan,1,Left,Left,70,21,56,0,nan,nan,0.05
8/7/2025 19:18:12,1.17.0,FR1,40,4.03,1,1,Pellet,Left,70,21,57,0,0.72,1224,nan
8/7/2025 19:18:27,1.17.0,FR1,40,4.03,nan,1,Left,Left,71,21,57,0,nan,nan,0.23
8/7/2025 19:18:29,1.17.0,FR1,40,4.03,1,1,Pellet,Left,71,21,58,0,0.66,17,nan
8/7/2025 19:18:45,1.17.0,FR1,40,4.03,nan,1,Left,Left,72,21,58,0,nan,nan,0.12
8/7/2025 19:18:45,1.17.0,FR1,40,4.03,nan,1,LeftDuringDispense,Left,73,21,58,0,nan,nan,0.03
8/7/2025 19:18:49,1.17.0,FR1,40,4.03,2,1,Pellet,Left,73,21,59,0,0.66,20,nan
8/7/2025 19:19:18,1.17.0,FR1,40,4.03,nan,1,Left,Left,74,21,59,0,nan,nan,0.07
8/7/2025 19:19:20,1.17.0,FR1,40,4.03,1,1,Pellet,Left,74,21,60,0,0.91,31,nan
8/7/2025 19:36:32,1.17.0,FR1,40,4.03,nan,1,Left,Left,75,21,60,0,nan,nan,0.01
8/7/2025 19:36:33,1.17.0,FR1,40,4.03,1,1,Pellet,Left,75,21,61,0,0.66,1033,nan
8/7/2025 19:36:51,1.17.0,FR1,40,4.03,nan,1,Left,Left,76,21,61,0,nan,nan,0.04
8/7/2025 19:36:52,1.17.0,FR1,40,4.03,1,1,Pellet,Left,76,21,62,0,0.66,19,nan
8/7/2025 19:37:03,1.17.0,FR1,40,4.03,nan,1,Left,Left,77,21,62,0,nan,nan,0.04
8/7/2025 19:37:04,1.17.0,FR1,40,4.03,1,1,Pellet,Left,77,21,63,0,0.66,12,nan
8/7/2025 19:37:34,1.17.0,FR1,40,4.03,nan,1,Left,Left,78,21,63,0,nan,nan,0.06
8/7/2025 19:37:35,1.17.0,FR1,40,4.03,1,1,Pellet,Left,78,21,64,0,0.66,31,nan
8/7/2025 19:40:33,1.17.0,FR1,40,4.03,nan,1,Left,Left,79,21,64,0,nan,nan,0.16
8/7/2025 19:40:35,1.17.0,FR1,40,4.03,1,1,Pellet,Left,79,21,65,0,0.72,180,nan
8/7/2025 19:52:56,1.17.0,FR1,40,4.03,nan,1,Left,Left,80,21,65,0,nan,nan,0.11
8/7/2025 19:52:58,1.17.0,FR1,40,4.03,1,1,Pellet,Left,80,21,66,0,0.66,743,nan
8/7/2025 19:53:14,1.17.0,FR1,40,4.03,nan,1,Left,Left,81,21,66,0,nan,nan,0.02
8/7/2025 19:53:15,1.17.0,FR1,40,4.03,1,1,Pellet,Left,81,21,67,0,0.66,17,nan
8/7/2025 19:53:30,1.17.0,FR1,40,4.03,nan,1,Left,Left,82,21,67,0,nan,nan,0.01
8/7/2025 19:53:31,1.17.0,FR1,40,4.03,nan,1,LeftDuringDispense,Left,83,21,67,0,nan,nan,0.07
8/7/2025 19:53:34,1.17.0,FR1,40,4.03,2,1,Pellet,Left,83,21,68,0,0.72,19,nan
8/7/2025 19:53:47,1.17.0,FR1,40,4.03,nan,1,Left,Left,84,21,68,0,nan,nan,0.04
8/7/2025 19:53:47,1.17.0,FR1,40,4.03,nan,1,LeftDuringDispense,Left,85,21,68,0,nan,nan,0.01
8/7/2025 19:53:50,1.17.0,FR1,40,4.03,2,1,Pellet,Left,85,21,69,0,0.66,16,nan
8/7/2025 19:54:04,1.17.0,FR1,40,4.03,nan,1,Left,Left,86,21,69,0,nan,nan,0.08
8/7/2025 19:54:05,1.17.0,FR1,40,4.03,1,1,Pellet,Left,86,21,70,0,0.66,15,nan
8/7/2025 19:57:19,1.17.0,FR1,40,4.03,nan,1,Right,Left,86,22,70,0,nan,nan,0.01
8/7/2025 19:57:20,1.17.0,FR1,40,4.03,nan,1,Right,Left,86,23,70,0,nan,nan,0.03
8/7/2025 20:01:02,1.17.0,FR1,40,4.03,nan,1,Right,Left,86,24,70,0,nan,nan,182.07
8/7/2025 20:01:59,1.17.0,FR1,40,4.03,nan,1,Right,Left,86,25,70,0,nan,nan,51.05
8/7/2025 20:14:00,1.17.0,FR1,40,4.03,nan,1,Left,Left,87,25,70,0,nan,nan,0.17
8/7/2025 20:14:01,1.17.0,FR1,40,4.03,1,1,Pellet,Left,87,25,71,0,0.66,1196,nan
8/7/2025 20:19:12,1.17.0,FR1,40,4.03,nan,1,Left,Left,88,25,71,0,nan,nan,0.07
8/7/2025 20:19:14,1.17.0,FR1,40,4.03,1,1,Pellet,Left,88,25,72,0,1.73,313,nan
8/7/2025 20:21:30,1.17.0,FR1,40,4.03,nan,1,Right,Left,88,26,72,0,nan,nan,0.03
8/7/2025 20:21:46,1.17.0,FR1,40,4.03,nan,1,Right,Left,88,27,72,0,nan,nan,2.50
8/7/2025 20:22:09,1.17.0,FR1,40,4.03,nan,1,Right,Left,88,28,72,0,nan,nan,0.04
8/7/2025 20:29:39,1.17.0,FR1,40,4.03,nan,1,Left,Left,89,28,72,0,nan,nan,0.01
8/7/2025 20:29:48,1.17.0,FR1,40,4.03,1,1,Pellet,Left,89,28,73,0,8.65,634,nan
8/7/2025 20:30:24,1.17.0,FR1,40,4.03,nan,1,Right,Left,89,29,73,0,nan,nan,0.02
8/7/2025 20:30:32,1.17.0,FR1,40,4.03,nan,1,Right,Left,89,30,73,0,nan,nan,0.09
8/7/2025 20:30:47,1.17.0,FR1,40,4.03,nan,1,Left,Left,90,30,73,0,nan,nan,0.14
8/7/2025 20:30:48,1.17.0,FR1,40,4.03,1,1,Pellet,Left,90,30,74,0,0.66,60,nan
8/7/2025 20:31:20,1.17.0,FR1,40,4.03,nan,1,Left,Left,91,30,74,0,nan,nan,0.43
8/7/2025 20:31:22,1.17.0,FR1,40,4.03,1,1,Pellet,Left,91,30,75,0,0.79,34,nan
8/7/2025 20:31:46,1.17.0,FR1,40,4.03,nan,1,Left,Left,92,30,75,0,nan,nan,0.03
8/7/2025 20:31:46,1.17.0,FR1,40,4.03,nan,1,LeftDuringDispense,Left,93,30,75,0,nan,nan,0.01
8/7/2025 20:31:50,1.17.0,FR1,40,4.03,2,1,Pellet,Left,93,30,76,0,0.66,28,nan
8/7/2025 20:32:03,1.17.0,FR1,40,4.03,nan,1,Left,Left,94,30,76,0,nan,nan,0.02
8/7/2025 20:32:05,1.17.0,FR1,40,4.03,1,1,Pellet,Left,94,30,77,0,0.66,15,nan
8/7/2025 20:32:20,1.17.0,FR1,40,4.03,nan,1,Left,Left,95,30,77,0,nan,nan,0.01
8/7/2025 20:32:21,1.17.0,FR1,40,4.03,1,1,Pellet,Left,95,30,78,0,0.66,16,nan
8/7/2025 20:35:26,1.17.0,FR1,40,4.03,nan,1,Left,Left,96,30,78,0,nan,nan,1.10
8/7/2025 20:35:27,1.17.0,FR1,40,4.03,nan,1,LeftDuringDispense,Left,97,30,78,0,nan,nan,0.03
8/7/2025 20:50:45,1.17.0,FR1,40,4.02,2,1,Pellet,Left,97,30,79,0,Timed_out,1104,nan
8/7/2025 21:06:51,1.17.0,FR1,40,4.03,nan,1,Left,Left,98,30,79,0,nan,nan,0.00
8/7/2025 21:06:52,1.17.0,FR1,40,4.03,1,1,Pellet,Left,98,30,80,0,0.66,967,nan
8/7/2025 21:07:19,1.17.0,FR1,40,4.03,nan,1,Left,Left,99,30,80,0,nan,nan,0.04
8/7/2025 21:07:20,1.17.0,FR1,40,4.03,1,1,Pellet,Left,99,30,81,0,0.66,28,nan
8/7/2025 21:42:13,1.17.0,FR1,40,4.03,nan,1,Left,Left,100,30,81,0,nan,nan,0.83
8/7/2025 21:42:14,1.17.0,FR1,40,4.03,1,1,Pellet,Left,100,30,82,0,0.72,2094,nan
8/7/2025 21:42:31,1.17.0,FR1,40,4.03,nan,1,Left,Left,101,30,82,0,nan,nan,0.02
8/7/2025 21:42:32,1.17.0,FR1,40,4.03,nan,1,LeftDuringDispense,Left,102,30,82,0,nan,nan,0.03
8/7/2025 21:42:35,1.17.0,FR1,40,4.03,2,1,Pellet,Left,102,30,83,0,0.72,21,nan
8/7/2025 21:42:51,1.17.0,FR1,40,4.03,nan,1,Left,Left,103,30,83,0,nan,nan,0.15
8/7/2025 21:42:52,1.17.0,FR1,40,4.03,1,1,Pellet,Left,103,30,84,0,0.66,17,nan
8/7/2025 21:43:09,1.17.0,FR1,40,4.03,nan,1,Left,Left,104,30,84,0,nan,nan,0.17
8/7/2025 21:43:11,1.17.0,FR1,40,4.03,1,1,Pellet,Left,104,30,85,0,0.66,19,nan
8/7/2025 21:43:25,1.17.0,FR1,40,4.03,nan,1,Left,Left,105,30,85,0,nan,nan,0.06
8/7/2025 21:43:26,1.17.0,FR1,40,4.03,1,1,Pellet,Left,105,30,86,0,0.66,15,nan
8/7/2025 21:43:47,1.17.0,FR1,40,4.03,nan,1,Left,Left,106,30,86,0,nan,nan,0.11
8/7/2025 21:43:48,1.17.0,FR1,40,4.03,1,1,Pellet,Left,106,30,87,0,0.66,22,nan
8/7/2025 21:44:07,1.17.0,FR1,40,4.03,nan,1,Left,Left,107,30,87,0,nan,nan,0.14
8/7/2025 21:44:08,1.17.0,FR1,40,4.03,1,1,Pellet,Left,107,30,88,0,0.66,20,nan
8/7/2025 21:44:27,1.17.0,FR1,40,4.03,nan,1,Left,Left,108,30,88,0,nan,nan,0.06
8/7/2025 21:44:27,1.17.0,FR1,40,4.03,nan,1,LeftDuringDispense,Left,109,30,88,0,nan,nan,0.02
8/7/2025 21:44:30,1.17.0,FR1,40,4.03,2,1,Pellet,Left,109,30,89,0,0.66,22,nan
8/7/2025 21:44:54,1.17.0,FR1,40,4.03,nan,1,Left,Left,110,30,89,0,nan,nan,0.02
8/7/2025 21:44:56,1.17.0,FR1,40,4.03,1,1,Pellet,Left,110,30,90,0,0.66,26,nan
8/7/2025 22:03:33,1.17.0,FR1,40,4.03,nan,1,Left,Left,111,30,90,0,nan,nan,0.03
8/7/2025 22:03:34,1.17.0,FR1,40,4.03,1,1,Pellet,Left,111,30,91,0,0.66,1118,nan
8/7/2025 22:04:06,1.17.0,FR1,40,4.03,nan,1,Left,Left,112,30,91,0,nan,nan,0.07
8/7/2025 22:04:08,1.17.0,FR1,40,4.03,1,1,Pellet,Left,112,30,92,0,0.91,34,nan
8/7/2025 22:04:23,1.17.0,FR1,40,4.03,nan,1,Left,Left,113,30,92,0,nan,nan,0.02
8/7/2025 22:04:24,1.17.0,FR1,40,4.03,1,1,Pellet,Left,113,30,93,0,0.79,16,nan
8/7/2025 22:04:43,1.17.0,FR1,40,4.03,nan,1,Left,Left,114,30,93,0,nan,nan,0.04
8/7/2025 22:04:44,1.17.0,FR1,40,4.03,1,1,Pellet,Left,114,30,94,0,0.66,20,nan
8/7/2025 22:04:57,1.17.0,FR1,40,4.03,nan,1,Left,Left,115,30,94,0,nan,nan,0.05
8/7/2025 22:04:59,1.17.0,FR1,40,4.03,1,1,Pellet,Left,115,30,95,0,0.66,15,nan
8/7/2025 22:10:45,1.17.0,FR1,40,4.03,nan,1,Right,Left,115,31,95,0,nan,nan,0.26
8/7/2025 22:33:17,1.17.0,FR1,40,4.03,nan,1,Left,Left,116,31,95,0,nan,nan,0.03
8/7/2025 22:33:19,1.17.0,FR1,40,4.03,1,1,Pellet,Left,116,31,96,0,1.86,1700,nan
8/7/2025 22:33:57,1.17.0,FR1,40,4.03,nan,1,Left,Left,117,31,96,0,nan,nan,0.09
8/7/2025 22:33:59,1.17.0,FR1,40,4.03,1,1,Pellet,Left,117,31,97,0,0.66,40,nan
8/7/2025 22:35:03,1.17.0,FR1,40,4.03,nan,1,Left,Left,118,31,97,0,nan,nan,0.13
8/7/2025 22:35:05,1.17.0,FR1,40,4.03,1,1,Pellet,Left,118,31,98,0,0.79,66,nan
8/7/2025 22:39:15,1.17.0,FR1,40,4.03,nan,1,Right,Left,118,32,98,0,nan,nan,0.10
8/7/2025 22:39:17,1.17.0,FR1,40,4.03,nan,1,Right,Left,118,33,98,0,nan,nan,0.08
8/7/2025 22:39:19,1.17.0,FR1,40,4.03,nan,1,Right,Left,118,34,98,0,nan,nan,0.06
8/7/2025 22:40:32,1.17.0,FR1,40,4.03,nan,1,Left,Left,119,34,98,0,nan,nan,0.28
8/7/2025 22:40:32,1.17.0,FR1,40,4.03,nan,1,LeftDuringDispense,Left,120,34,98,0,nan,nan,0.01
8/7/2025 22:40:36,1.17.0,FR1,40,4.03,2,1,Pellet,Left,120,34,99,0,0.72,331,nan
8/7/2025 22:48:47,1.17.0,FR1,40,4.03,nan,1,Left,Left,121,34,99,0,nan,nan,0.04
8/7/2025 22:48:49,1.17.0,FR1,40,4.03,1,1,Pellet,Left,121,34,100,0,0.66,493,nan
8/7/2025 22:49:05,1.17.0,FR1,40,4.03,nan,1,Left,Left,122,34,100,0,nan,nan,0.01
8/7/2025 22:49:05,1.17.0,FR1,40,4.03,nan,1,LeftDuringDispense,Left,123,34,100,0,nan,nan,0.03
8/7/2025 22:49:08,1.17.0,FR1,40,4.03,2,1,Pellet,Left,123,34,101,0,0.66,19,nan
8/7/2025 22:49:26,1.17.0,FR1,40,4.03,nan,1,Left,Left,124,34,101,0,nan,nan,0.07
8/7/2025 22:49:27,1.17.0,FR1,40,4.03,2,1,Pellet,Left,124,34,102,0,0.66,19,nan
8/7/2025 22:49:41,1.17.0,FR1,40,4.03,nan,1,Left,Left,125,34,102,0,nan,nan,0.03
8/7/2025 22:49:43,1.17.0,FR1,40,4.03,2,1,Pellet,Left,125,34,103,0,0.66,16,nan
8/7/2025 22:49:56,1.17.0,FR1,40,4.03,nan,1,Left,Left,126,34,103,0,nan,nan,0.03
8/7/2025 22:49:57,1.17.0,FR1,40,4.03,1,1,Pellet,Left,126,34,104,0,0.66,14,nan
8/7/2025 22:50:28,1.17.0,FR1,40,4.03,nan,1,Right,Left,126,35,104,0,nan,nan,0.11
8/7/2025 22:50:29,1.17.0,FR1,40,4.03,nan,1,Right,Left,126,36,104,0,nan,nan,0.17
8/7/2025 22:50:31,1.17.0,FR1,40,4.03,nan,1,Right,Left,126,37,104,0,nan,nan,0.07
8/7/2025 23:11:17,1.17.0,FR1,40,4.03,nan,1,Right,Left,126,38,104,0,nan,nan,0.19
8/7/2025 23:11:19,1.17.0,FR1,40,4.03,nan,1,Right,Left,126,39,104,0,nan,nan,0.44
8/7/2025 23:11:22,1.17.0,FR1,40,4.03,nan,1,Right,Left,126,40,104,0,nan,nan,0.14
8/7/2025 23:11:29,1.17.0,FR1,40,4.03,nan,1,Right,Left,126,41,104,0,nan,nan,0.00
8/7/2025 23:11:35,1.17.0,FR1,40,4.03,nan,1,Left,Left,127,41,104,0,nan,nan,0.21
8/7/2025 23:11:37,1.17.0,FR1,40,4.03,1,1,Pellet,Left,127,41,105,0,0.91,1300,nan
8/7/2025 23:11:52,1.17.0,FR1,40,4.03,nan,1,Right,Left,127,42,105,0,nan,nan,0.21
8/7/2025 23:11:53,1.17.0,FR1,40,4.03,nan,1,Right,Left,127,43,105,0,nan,nan,0.09
8/7/2025 23:11:56,1.17.0,FR1,40,4.03,nan,1,Right,Left,127,44,105,0,nan,nan,0.11
8/7/2025 23:11:58,1.17.0,FR1,40,4.03,nan,1,Right,Left,127,45,105,0,nan,nan,0.04
8/7/2025 23:12:00,1.17.0,FR1,40,4.03,nan,1,Right,Left,127,46,105,0,nan,nan,0.21
8/7/2025 23:12:01,1.17.0,FR1,40,4.03,nan,1,Right,Left,127,47,105,0,nan,nan,0.10
8/7/2025 23:12:03,1.17.0,FR1,40,4.03,nan,1,Right,Left,127,48,105,0,nan,nan,0.01
8/7/2025 23:12:10,1.17.0,FR1,40,4.03,nan,1,Left,Left,128,48,105,0,nan,nan,0.37
8/7/2025 23:12:12,1.17.0,FR1,40,4.03,1,1,Pellet,Left,128,48,106,0,0.66,35,nan
8/7/2025 23:12:33,1.17.0,FR1,40,4.03,nan,1,Right,Left,128,49,106,0,nan,nan,0.09
8/7/2025 23:12:38,1.17.0,FR1,40,4.03,nan,1,Right,Left,128,50,106,0,nan,nan,0.08
8/7/2025 23:14:56,1.17.0,FR1,40,4.03,nan,1,Left,Left,129,50,106,0,nan,nan,0.13
8/7/2025 23:14:57,1.17.0,FR1,40,4.03,1,1,Pellet,Left,129,50,107,0,0.66,165,nan
8/7/2025 23:15:19,1.17.0,FR1,40,4.03,nan,1,Right,Left,129,51,107,0,nan,nan,0.26
8/7/2025 23:21:03,1.17.0,FR1,40,4.03,nan,1,Left,Left,130,51,107,0,nan,nan,0.08
8/7/2025 23:21:04,1.17.0,FR1,40,4.03,1,1,Pellet,Left,130,51,108,0,0.72,367,nan
8/7/2025 23:21:16,1.17.0,FR1,40,4.03,nan,1,Left,Left,131,51,108,0,nan,nan,0.02
8/7/2025 23:21:17,1.17.0,FR1,40,4.03,nan,1,LeftDuringDispense,Left,132,51,108,0,nan,nan,0.05
8/7/2025 23:21:20,1.17.0,FR1,40,4.03,2,1,Pellet,Left,132,51,109,0,0.66,16,nan
8/7/2025 23:21:52,1.17.0,FR1,40,4.03,nan,1,Left,Left,133,51,109,0,nan,nan,0.08
8/7/2025 23:21:54,1.17.0,FR1,40,4.03,1,1,Pellet,Left,133,51,110,0,0.66,34,nan
8/7/2025 23:22:03,1.17.0,FR1,40,4.03,nan,1,Left,Left,134,51,110,0,nan,nan,0.13
8/7/2025 23:22:04,1.17.0,FR1,40,4.03,1,1,Pellet,Left,134,51,111,0,0.66,10,nan
8/7/2025 23:22:18,1.17.0,FR1,40,4.03,nan,1,Left,Left,135,51,111,0,nan,nan,0.08
8/7/2025 23:22:18,1.17.0,FR1,40,4.03,nan,1,LeftDuringDispense,Left,136,51,111,0,nan,nan,0.03
8/7/2025 23:22:21,1.17.0,FR1,40,4.03,nan,1,LeftDuringDispense,Left,137,51,111,0,nan,nan,0.05
8/7/2025 23:22:24,1.17.0,FR1,40,4.03,3,1,Pellet,Left,137,51,112,0,0.66,20,nan
8/7/2025 23:22:32,1.17.0,FR1,40,4.03,nan,1,Left,Left,138,51,112,0,nan,nan,0.07
8/7/2025 23:22:32,1.17.0,FR1,40,4.03,nan,1,LeftDuringDispense,Left,139,51,112,0,nan,nan,0.02
8/7/2025 23:22:36,1.17.0,FR1,40,4.03,2,1,Pellet,Left,139,51,113,0,0.72,12,nan
8/7/2025 23:22:47,1.17.0,FR1,40,4.03,nan,1,Left,Left,140,51,113,0,nan,nan,0.22
8/7/2025 23:22:48,1.17.0,FR1,40,4.03,nan,1,LeftDuringDispense,Left,141,51,113,0,nan,nan,0.04
8/7/2025 23:22:52,1.17.0,FR1,40,4.03,2,1,Pellet,Left,141,51,114,0,1.16,16,nan
8/7/2025 23:23:03,1.17.0,FR1,40,4.03,nan,1,Left,Left,142,51,114,0,nan,nan,0.05
8/7/2025 23:23:05,1.17.0,FR1,40,4.03,1,1,Pellet,Left,142,51,115,0,0.66,13,nan
8/7/2025 23:26:36,1.17.0,FR1,40,4.03,nan,1,Left,Left,143,51,115,0,nan,nan,0.15
8/7/2025 23:26:38,1.17.0,FR1,40,4.03,1,1,Pellet,Left,143,51,116,0,0.66,213,nan
8/7/2025 23:31:00,1.17.0,FR1,40,4.03,nan,1,Left,Left,144,51,116,0,nan,nan,0.16
8/7/2025 23:31:02,1.17.0,FR1,40,4.03,1,1,Pellet,Left,144,51,117,0,1.80,264,nan
8/7/2025 23:31:15,1.17.0,FR1,40,4.03,nan,1,Left,Left,145,51,117,0,nan,nan,0.08
8/7/2025 23:31:23,1.17.0,FR1,40,4.03,1,1,Pellet,Left,145,51,118,0,7.69,21,nan
8/7/2025 23:59:29,1.17.0,FR1,40,4.03,nan,1,Right,Left,145,52,118,0,nan,nan,0.02
8/7/2025 23:59:35,1.17.0,FR1,40,4.03,nan,1,Right,Left,145,53,118,0,nan,nan,0.00
8/8/2025 0:00:28,1.17.0,FR1,40,4.03,nan,1,Right,Left,145,54,118,0,nan,nan,0.01
8/8/2025 0:00:38,1.17.0,FR1,40,4.03,nan,1,Right,Left,145,55,118,0,nan,nan,0.09
8/8/2025 0:00:40,1.17.0,FR1,40,4.03,nan,1,Right,Left,145,56,118,0,nan,nan,0.07
8/8/2025 0:05:00,1.17.0,FR1,40,4.03,nan,1,Left,Left,146,56,118,0,nan,nan,0.09
8/8/2025 0:05:01,1.17.0,FR1,40,4.03,1,1,Pellet,Left,146,56,119,0,0.66,2018,nan
8/8/2025 0:05:14,1.17.0,FR1,40,4.03,nan,1,Right,Left,146,57,119,0,nan,nan,0.06
8/8/2025 0:05:18,1.17.0,FR1,40,4.03,nan,1,Right,Left,146,58,119,0,nan,nan,0.02
8/8/2025 0:05:21,1.17.0,FR1,40,4.03,nan,1,Right,Left,146,59,119,0,nan,nan,0.13
8/8/2025 0:12:23,1.17.0,FR1,40,4.03,nan,1,Left,Left,147,59,119,0,nan,nan,0.04
8/8/2025 0:12:24,1.17.0,FR1,40,4.03,2,1,Pellet,Left,147,59,120,0,0.66,443,nan
8/8/2025 0:12:41,1.17.0,FR1,40,4.03,nan,1,Left,Left,148,59,120,0,nan,nan,0.06
8/8/2025 0:12:42,1.17.0,FR1,40,4.03,1,1,Pellet,Left,148,59,121,0,0.66,18,nan
8/8/2025 0:12:55,1.17.0,FR1,40,4.03,nan,1,Left,Left,149,59,121,0,nan,nan,0.28
8/8/2025 0:12:56,1.17.0,FR1,40,4.03,1,1,Pellet,Left,149,59,122,0,0.66,14,nan
8/8/2025 0:13:06,1.17.0,FR1,40,4.03,nan,1,Left,Left,150,59,122,0,nan,nan,0.02
8/8/2025 0:13:07,1.17.0,FR1,40,4.03,1,1,Pellet,Left,150,59,123,0,0.66,11,nan
8/8/2025 0:13:20,1.17.0,FR1,40,4.03,nan,1,Left,Left,151,59,123,0,nan,nan,0.04
8/8/2025 0:13:22,1.17.0,FR1,40,4.03,1,1,Pellet,Left,151,59,124,0,0.66,15,nan
8/8/2025 0:13:37,1.17.0,FR1,40,4.03,nan,1,Left,Left,152,59,124,0,nan,nan,0.02
8/8/2025 0:13:39,1.17.0,FR1,40,4.03,1,1,Pellet,Left,152,59,125,0,0.66,17,nan
8/8/2025 0:13:53,1.17.0,FR1,40,4.03,nan,1,Left,Left,153,59,125,0,nan,nan,0.05
8/8/2025 0:13:55,1.17.0,FR1,40,4.03,1,1,Pellet,Left,153,59,126,0,0.66,16,nan
8/8/2025 0:14:08,1.17.0,FR1,40,4.03,nan,1,Left,Left,154,59,126,0,nan,nan,0.04
8/8/2025 0:14:10,1.17.0,FR1,40,4.03,1,1,Pellet,Left,154,59,127,0,0.66,15,nan
8/8/2025 0:24:52,1.17.0,FR1,40,4.03,nan,1,Left,Left,155,59,127,0,nan,nan,0.06
8/8/2025 0:24:54,1.17.0,FR1,40,4.03,1,1,Pellet,Left,155,59,128,0,1.10,644,nan
8/8/2025 0:31:18,1.17.0,FR1,40,4.03,nan,1,Right,Left,155,60,128,0,nan,nan,0.17
8/8/2025 0:39:01,1.17.0,FR1,40,4.03,nan,1,Left,Left,156,60,128,0,nan,nan,0.15
8/8/2025 0:39:04,1.17.0,FR1,40,4.03,1,1,Pellet,Left,156,60,129,0,1.42,850,nan
8/8/2025 0:59:01,1.17.0,FR1,40,4.03,nan,1,Left,Left,157,60,129,0,nan,nan,0.05
8/8/2025 0:59:09,1.17.0,FR1,40,4.02,1,1,Pellet,Left,157,60,130,0,7.50,1205,nan
8/8/2025 0:59:30,1.17.0,FR1,40,4.03,nan,1,Right,Left,157,61,130,0,nan,nan,0.08
8/8/2025 0:59:46,1.17.0,FR1,40,4.03,nan,1,Left,Left,158,61,130,0,nan,nan,0.22
8/8/2025 0:59:47,1.17.0,FR1,40,4.02,1,1,Pellet,Left,158,61,131,0,0.66,38,nan
8/8/2025 1:00:02,1.17.0,FR1,40,4.03,nan,1,Left,Left,159,61,131,0,nan,nan,0.06
8/8/2025 1:00:03,1.17.0,FR1,40,4.03,1,1,Pellet,Left,159,61,132,0,0.66,16,nan
8/8/2025 1:00:13,1.17.0,FR1,40,4.03,nan,1,Left,Left,160,61,132,0,nan,nan,0.05
8/8/2025 1:00:14,1.17.0,FR1,40,4.03,1,1,Pellet,Left,160,61,133,0,0.66,11,nan
8/8/2025 1:00:26,1.17.0,FR1,40,4.03,nan,1,Left,Left,161,61,133,0,nan,nan,0.11
8/8/2025 1:00:28,1.17.0,FR1,40,4.03,2,1,Pellet,Left,161,61,134,0,0.66,14,nan
8/8/2025 1:00:41,1.17.0,FR1,40,4.03,nan,1,Left,Left,162,61,134,0,nan,nan,0.09
8/8/2025 1:00:43,1.17.0,FR1,40,4.03,1,1,Pellet,Left,162,61,135,0,0.66,15,nan
8/8/2025 1:01:07,1.17.0,FR1,40,4.03,nan,1,Left,Left,163,61,135,0,nan,nan,0.11
8/8/2025 1:01:08,1.17.0,FR1,40,4.03,1,1,Pellet,Left,163,61,136,0,0.66,25,nan
8/8/2025 1:01:38,1.17.0,FR1,40,4.03,nan,1,Left,Left,164,61,136,0,nan,nan,0.03
8/8/2025 1:01:45,1.17.0,FR1,40,4.02,1,1,Pellet,Left,164,61,137,0,6.30,37,nan
8/8/2025 2:34:44,1.17.0,FR1,40,4.03,nan,1,Right,Left,164,62,137,0,nan,nan,0.04
8/8/2025 2:34:45,1.17.0,FR1,40,4.03,nan,1,Right,Left,164,63,137,0,nan,nan,0.00
8/8/2025 2:34:51,1.17.0,FR1,40,4.03,nan,1,Right,Left,164,64,137,0,nan,nan,0.18
8/8/2025 2:43:45,1.17.0,FR1,40,4.03,nan,1,Left,Left,165,64,137,0,nan,nan,0.14
8/8/2025 2:43:46,1.17.0,FR1,40,4.03,1,1,Pellet,Left,165,64,138,0,0.66,6121,nan
8/8/2025 2:44:05,1.17.0,FR1,40,4.03,nan,1,Left,Left,166,64,138,0,nan,nan,0.09
8/8/2025 2:44:06,1.17.0,FR1,40,4.03,1,1,Pellet,Left,166,64,139,0,0.66,20,nan
8/8/2025 2:44:24,1.17.0,FR1,40,4.03,nan,1,Left,Left,167,64,139,0,nan,nan,0.14
8/8/2025 2:44:25,1.17.0,FR1,40,4.03,1,1,Pellet,Left,167,64,140,0,0.66,19,nan
8/8/2025 2:44:43,1.17.0,FR1,40,4.03,nan,1,Left,Left,168,64,140,0,nan,nan,0.06
8/8/2025 2:44:44,1.17.0,FR1,40,4.03,2,1,Pellet,Left,168,64,141,0,0.66,19,nan
8/8/2025 2:45:03,1.17.0,FR1,40,4.03,nan,1,Left,Left,169,64,141,0,nan,nan,0.06
8/8/2025 2:45:04,1.17.0,FR1,40,4.03,1,1,Pellet,Left,169,64,142,0,0.66,20,nan
8/8/2025 2:53:51,1.17.0,FR1,40,4.03,nan,1,Left,Left,170,64,142,0,nan,nan,0.02
8/8/2025 2:53:51,1.17.0,FR1,40,4.03,nan,1,LeftDuringDispense,Left,171,64,142,0,nan,nan,0.02
8/8/2025 2:53:55,1.17.0,FR1,40,4.03,2,1,Pellet,Left,171,64,143,0,1.04,531,nan
8/8/2025 2:54:14,1.17.0,FR1,40,4.03,nan,1,Left,Left,172,64,143,0,nan,nan,0.14
8/8/2025 2:54:15,1.17.0,FR1,40,4.03,1,1,Pellet,Left,172,64,144,0,0.66,20,nan
8/8/2025 2:54:30,1.17.0,FR1,40,4.03,nan,1,Left,Left,173,64,144,0,nan,nan,0.20
8/8/2025 2:54:32,1.17.0,FR1,40,4.03,1,1,Pellet,Left,173,64,145,0,0.66,17,nan
8/8/2025 2:54:46,1.17.0,FR1,40,4.03,nan,1,Left,Left,174,64,145,0,nan,nan,0.11
8/8/2025 2:54:47,1.17.0,FR1,40,4.03,1,1,Pellet,Left,174,64,146,0,0.66,15,nan
8/8/2025 2:55:02,1.17.0,FR1,40,4.03,nan,1,Left,Left,175,64,146,0,nan,nan,0.01
8/8/2025 2:55:03,1.17.0,FR1,40,4.02,nan,1,LeftDuringDispense,Left,176,64,146,0,nan,nan,0.01
8/8/2025 2:55:06,1.17.0,FR1,40,4.03,2,1,Pellet,Left,176,64,147,0,0.66,19,nan
8/8/2025 2:55:22,1.17.0,FR1,40,4.02,nan,1,Left,Left,177,64,147,0,nan,nan,0.13
8/8/2025 2:55:23,1.17.0,FR1,40,4.03,1,1,Pellet,Left,177,64,148,0,0.66,17,nan
8/8/2025 2:55:35,1.17.0,FR1,40,4.03,nan,1,Left,Left,178,64,148,0,nan,nan,0.26
8/8/2025 2:55:36,1.17.0,FR1,40,4.03,1,1,Pellet,Left,178,64,149,0,0.66,13,nan
8/8/2025 3:03:20,1.17.0,FR1,40,4.03,nan,1,Left,Left,179,64,149,0,nan,nan,0.06
8/8/2025 3:03:37,1.17.0,FR1,40,4.03,nan,1,LeftWithPellet,Left,180,64,149,0,nan,nan,0.10
8/8/2025 3:17:28,1.17.0,FR1,40,4.03,nan,1,LeftWithPellet,Left,181,64,149,0,nan,nan,0.08
8/8/2025 3:17:31,1.17.0,FR1,40,4.03,nan,1,LeftWithPellet,Left,182,64,149,0,nan,nan,0.03
8/8/2025 3:19:32,1.17.0,FR1,40,4.03,1,1,Pellet,Left,182,64,150,0,Timed_out,1436,nan
8/8/2025 3:19:58,1.17.0,FR1,40,4.02,nan,1,Right,Left,182,65,150,0,nan,nan,0.05
8/8/2025 3:30:07,1.17.0,FR1,40,4.03,nan,1,Left,Left,183,65,150,0,nan,nan,0.01
8/8/2025 3:31:06,1.17.0,FR1,40,4.03,1,1,Pellet,Left,183,65,151,0,58.38,694,nan
8/8/2025 3:55:33,1.17.0,FR1,40,4.03,nan,1,Left,Left,184,65,151,0,nan,nan,0.04
8/8/2025 3:55:34,1.17.0,FR1,40,4.02,1,1,Pellet,Left,184,65,152,0,0.98,1468,nan
8/8/2025 3:55:53,1.17.0,FR1,40,4.03,nan,1,Left,Left,185,65,152,0,nan,nan,0.00
8/8/2025 3:55:54,1.17.0,FR1,40,4.03,1,1,Pellet,Left,185,65,153,0,0.66,20,nan
8/8/2025 3:56:10,1.17.0,FR1,40,4.03,nan,1,Left,Left,186,65,153,0,nan,nan,0.43
8/8/2025 3:56:12,1.17.0,FR1,40,4.03,1,1,Pellet,Left,186,65,154,0,0.66,18,nan
8/8/2025 3:56:23,1.17.0,FR1,40,4.03,nan,1,Left,Left,187,65,154,0,nan,nan,0.08
8/8/2025 3:56:25,1.17.0,FR1,40,4.03,1,1,Pellet,Left,187,65,155,0,0.66,13,nan
8/8/2025 3:56:44,1.17.0,FR1,40,4.03,nan,1,Left,Left,188,65,155,0,nan,nan,0.12
8/8/2025 3:56:46,1.17.0,FR1,40,4.03,1,1,Pellet,Left,188,65,156,0,0.66,21,nan
8/8/2025 3:57:04,1.17.0,FR1,40,4.03,nan,1,Left,Left,189,65,156,0,nan,nan,0.22
8/8/2025 3:57:06,1.17.0,FR1,40,4.03,1,1,Pellet,Left,189,65,157,0,0.66,20,nan
8/8/2025 4:19:59,1.17.0,FR1,40,4.03,nan,1,Right,Left,189,66,157,0,nan,nan,0.11
8/8/2025 4:20:11,1.17.0,FR1,40,4.03,nan,1,Right,Left,189,67,157,0,nan,nan,0.00
8/8/2025 4:21:14,1.17.0,FR1,40,4.03,nan,1,Left,Left,190,67,157,0,nan,nan,0.03
8/8/2025 4:21:15,1.17.0,FR1,40,4.03,1,1,Pellet,Left,190,67,158,0,0.66,1449,nan
8/8/2025 4:21:27,1.17.0,FR1,40,4.03,nan,1,Left,Left,191,67,158,0,nan,nan,0.04
8/8/2025 4:21:28,1.17.0,FR1,40,4.03,nan,1,LeftDuringDispense,Left,192,67,158,0,nan,nan,0.01
8/8/2025 4:21:31,1.17.0,FR1,40,4.03,2,1,Pellet,Left,192,67,159,0,0.66,16,nan
8/8/2025 4:21:43,1.17.0,FR1,40,4.03,nan,1,Left,Left,193,67,159,0,nan,nan,0.05
8/8/2025 4:21:45,1.17.0,FR1,40,4.03,1,1,Pellet,Left,193,67,160,0,0.66,14,nan
8/8/2025 4:22:02,1.17.0,FR1,40,4.03,nan,1,Left,Left,194,67,160,0,nan,nan,0.05
8/8/2025 4:22:03,1.17.0,FR1,40,4.03,1,1,Pellet,Left,194,67,161,0,0.66,18,nan
8/8/2025 4:22:21,1.17.0,FR1,40,4.03,nan,1,Left,Left,195,67,161,0,nan,nan,0.05
8/8/2025 4:22:23,1.17.0,FR1,40,4.03,1,1,Pellet,Left,195,67,162,0,0.66,20,nan
8/8/2025 4:38:47,1.17.0,FR1,40,4.03,nan,1,Right,Left,195,68,162,0,nan,nan,0.13
8/8/2025 5:47:07,1.17.0,FR1,40,4.02,nan,1,Left,Left,196,68,162,0,nan,nan,0.22
8/8/2025 5:47:13,1.17.0,FR1,40,4.03,1,1,Pellet,Left,196,68,163,0,4.59,5090,nan
8/8/2025 5:50:13,1.17.0,FR1,40,4.03,nan,1,Left,Left,197,68,163,0,nan,nan,0.01
8/8/2025 5:50:14,1.17.0,FR1,40,4.03,1,1,Pellet,Left,197,68,164,0,1.04,181,nan
8/8/2025 5:50:36,1.17.0,FR1,40,4.01,nan,1,Left,Left,198,68,164,0,nan,nan,0.02
8/8/2025 5:50:38,1.17.0,FR1,40,4.03,1,1,Pellet,Left,198,68,165,0,0.66,23,nan
8/8/2025 5:50:55,1.17.0,FR1,40,4.02,nan,1,Left,Left,199,68,165,0,nan,nan,0.01
8/8/2025 5:50:56,1.17.0,FR1,40,4.03,1,1,Pellet,Left,199,68,166,0,0.72,19,nan
8/8/2025 6:00:41,1.17.0,FR1,40,4.03,nan,1,Right,Left,199,69,166,0,nan,nan,0.04
8/8/2025 6:02:54,1.17.0,FR1,40,4.02,nan,1,Right,Left,199,70,166,0,nan,nan,0.11
8/8/2025 6:06:05,1.17.0,FR1,40,4.03,nan,1,Left,Left,200,70,166,0,nan,nan,0.02
8/8/2025 6:06:06,1.17.0,FR1,40,4.03,1,1,Pellet,Left,200,70,167,0,0.72,910,nan
8/8/2025 8:23:30,1.17.0,FR1,40,4.03,nan,1,Right,Left,200,71,167,0,nan,nan,0.11
8/8/2025 8:23:32,1.17.0,FR1,40,4.02,nan,1,Right,Left,200,72,167,0,nan,nan,0.11
8/8/2025 8:23:35,1.17.0,FR1,40,4.03,nan,1,Right,Left,200,73,167,0,nan,nan,0.05
8/8/2025 8:23:40,1.17.0,FR1,40,4.03,nan,1,Right,Left,200,74,167,0,nan,nan,0.18
8/8/2025 8:23:46,1.17.0,FR1,40,4.02,nan,1,Left,Left,201,74,167,0,nan,nan,0.11
8/8/2025 8:23:48,1.17.0,FR1,40,4.02,1,1,Pellet,Left,201,74,168,0,0.98,8262,nan
8/8/2025 8:24:53,1.17.0,FR1,40,4.02,nan,1,Left,Left,202,74,168,0,nan,nan,0.02
8/8/2025 8:24:55,1.17.0,FR1,40,4.02,2,1,Pellet,Left,202,74,169,0,0.66,67,nan
8/8/2025 8:25:26,1.17.0,FR1,40,4.02,nan,1,Left,Left,203,74,169,0,nan,nan,0.14
8/8/2025 8:25:27,1.17.0,FR1,40,4.03,1,1,Pellet,Left,203,74,170,0,0.66,32,nan
8/8/2025 9:49:44,1.17.0,FR1,40,4.02,nan,1,Left,Left,204,74,170,0,nan,nan,0.22
8/8/2025 9:49:46,1.17.0,FR1,40,4.02,1,1,Pellet,Left,204,74,171,0,0.66,5059,nan
8/8/2025 9:50:35,1.17.0,FR1,40,4.02,nan,1,Left,Left,205,74,171,0,nan,nan,0.07
8/8/2025 9:50:37,1.17.0,FR1,40,4.02,1,1,Pellet,Left,205,74,172,0,0.66,51,nan
8/8/2025 9:51:04,1.17.0,FR1,40,4.02,nan,1,Left,Left,206,74,172,0,nan,nan,0.29
8/8/2025 9:51:06,1.17.0,FR1,40,4.03,2,1,Pellet,Left,206,74,173,0,0.66,29,nan
8/8/2025 9:51:27,1.17.0,FR1,40,4.02,nan,1,Left,Left,207,74,173,0,nan,nan,0.01
8/8/2025 9:51:28,1.17.0,FR1,40,4.02,1,1,Pellet,Left,207,74,174,0,0.66,22,nan
8/8/2025 11:24:21,1.17.0,FR1,40,4.02,nan,1,Left,Left,208,74,174,0,nan,nan,0.08
8/8/2025 11:24:23,1.17.0,FR1,40,4.02,1,1,Pellet,Left,208,74,175,0,0.66,5575,nan
8/8/2025 11:24:41,1.17.0,FR1,40,4.02,nan,1,Left,Left,209,74,175,0,nan,nan,0.02
8/8/2025 11:24:43,1.17.0,FR1,40,4.02,2,1,Pellet,Left,209,74,176,0,0.91,20,nan
8/8/2025 12:08:22,1.17.0,FR1,40,4.02,nan,1,Left,Left,210,74,176,0,nan,nan,0.06
8/8/2025 12:08:24,1.17.0,FR1,40,4.02,1,1,Pellet,Left,210,74,177,0,0.66,2621,nan
8/8/2025 12:08:44,1.17.0,FR1,40,4.02,nan,1,Left,Left,211,74,177,0,nan,nan,0.15
8/8/2025 12:08:46,1.17.0,FR1,40,4.02,1,1,Pellet,Left,211,74,178,0,1.16,21,nan
8/8/2025 12:09:06,1.17.0,FR1,40,4.02,nan,1,Left,Left,212,74,178,0,nan,nan,0.09
8/8/2025 12:09:07,1.17.0,FR1,40,4.02,1,1,Pellet,Left,212,74,179,0,0.66,22,nan
8/8/2025 12:09:31,1.17.0,FR1,40,4.02,nan,1,Left,Left,213,74,179,0,nan,nan,0.14
8/8/2025 12:09:32,1.17.0,FR1,40,4.02,1,1,Pellet,Left,213,74,180,0,0.66,25,nan
8/8/2025 12:09:56,1.17.0,FR1,40,4.02,nan,1,Left,Left,214,74,180,0,nan,nan,0.06
8/8/2025 12:09:56,1.17.0,FR1,40,4.02,nan,1,LeftDuringDispense,Left,215,74,180,0,nan,nan,0.01
8/8/2025 12:09:56,1.17.0,FR1,40,4.02,nan,1,LeftDuringDispense,Left,216,74,180,0,nan,nan,0.06
8/8/2025 12:10:00,1.17.0,FR1,40,4.02,2,1,Pellet,Left,216,74,181,0,0.66,28,nan
